,0
0,BTW/misc/grasscolor.png
1,BTW/misc/beam.png
2,BTW/misc/beacon.png
3,BTW/misc/watercolor.png
4,BTW/misc/dial.png
5,BTW/misc/water.png
6,BTW/misc/glint.png
7,BTW/misc/mapicons.png
8,BTW/misc/explosion.png
9,BTW/textures/blocks/decoBlockShinglesColoredColumn_orange.png
10,BTW/textures/blocks/decoBlockGlazedTerracotta_green_3.png
11,BTW/textures/blocks/fcBlockStone_cracked.png
12,BTW/textures/blocks/fcBlockColumnBlackStone_side.png
13,BTW/textures/blocks/fcBlockCarrotFlowers_3.png
14,BTW/textures/blocks/lava.png
15,BTW/textures/blocks/btaBlockRedSandyClay.png
16,BTW/textures/blocks/fcBlockWheatCrop_4.png
17,BTW/textures/blocks/fcBlockMillStone_side_on.png
18,BTW/textures/blocks/decoBlockBookshelfBlood.png
19,BTW/textures/blocks/decoBlockBarrelSpruce_hemp.png
20,BTW/textures/blocks/decoOverlayGraniteBrickLava.png
21,BTW/textures/blocks/fcOverlaySnowLoose_2.png
22,BTW/textures/blocks/decoBlockBarrelJungle_hemp.png
23,BTW/textures/blocks/decoBlockChainCoil_top.png
24,BTW/textures/blocks/fcBlockHopper_ironbars.png
25,BTW/textures/blocks/fcBlockCandle_c11.png
26,BTW/textures/blocks/fcBlockCandle_c05.png
27,BTW/textures/blocks/decoBlockNetherBrickChiseled.png
28,BTW/textures/blocks/decoBlockGlassFramedOak.png
29,BTW/textures/blocks/cloth_1.png
30,BTW/textures/blocks/btaOverlayGrassyClay.png
31,BTW/textures/blocks/decoBlockInfusedStoneBrickColumn.png
32,BTW/textures/blocks/decoOverlayAndesiteCobbleLava.png
33,BTW/textures/blocks/decoBlockSaplingAcacia_01.png
34,BTW/textures/blocks/decoBlockSaplingAcacia_00.png
35,BTW/textures/blocks/FCBlockFarmlandFertilized_dry.png
36,BTW/textures/blocks/fcBlockColumnSandstone_side.png
37,BTW/textures/blocks/fcBlockSaw_front.png
38,BTW/textures/blocks/decoBlockSandstoneBrick.png
39,BTW/textures/blocks/fcBlockHemp_top.png
40,BTW/textures/blocks/fcBlockCandle_c04.png
41,BTW/textures/blocks/fcBlockHopper_contents.png
42,BTW/textures/blocks/fcBlockCandle_c10.png
43,BTW/textures/blocks/FCBlockSlabDirt_grass_side.png
44,BTW/textures/blocks/fcBlockLens_spotlight.png
45,BTW/textures/blocks/fcOverlaySnowLoose_3.png
46,BTW/textures/blocks/decoOverlaySlateBrickLava.png
47,BTW/textures/blocks/decoBlockShinglesColored_orange.png
48,BTW/textures/blocks/decoBlockGlassFramedSpruce.png
49,BTW/textures/blocks/fcBlockMillStone_top_on.png
50,BTW/textures/blocks/fcBlockWheatCrop_5.png
51,BTW/textures/blocks/decoBlockPumpkin_0_lit.png
52,BTW/textures/blocks/fcBlockCarrotFlowers_2.png
53,BTW/textures/blocks/fcBlockPlatform_side.png
54,BTW/textures/blocks/decoBlockTerracottaStainedColumn_cyan.png
55,BTW/textures/blocks/decoBlockGlazedTerracotta_pink_1.png
56,BTW/textures/blocks/fcBlockPastryUncooked.png
57,BTW/textures/blocks/decoBlockGlazedTerracotta_green_2.png
58,BTW/textures/blocks/decoBlockTrunkCherry_top.png
59,BTW/textures/blocks/fcBlockPlanter_top_dry.png
60,BTW/textures/blocks/decoBlockRedSandstoneBrickLargeMossy.png
61,BTW/textures/blocks/decoOverlayDioriteBrickLava.png
62,BTW/textures/blocks/fcOverlayLogEmbers.png
63,BTW/textures/blocks/decoBlockShinglesColored_lightGray.png
64,BTW/textures/blocks/decoBlockBarrelCherry_hemp.png
65,BTW/textures/blocks/commandBlock.png
66,BTW/textures/blocks/decoBlockPlanksPaintedColumn_lightBlue.png
67,BTW/textures/blocks/decoBlockNetherCoal.png
68,BTW/textures/blocks/fcBlockHopper_wicker.png
69,BTW/textures/blocks/fcBlockHamper.png
70,BTW/textures/blocks/decoBlockGlazedTerracotta_pink_3.png
71,BTW/textures/blocks/fcBlockCarrotFlowers_0.png
72,BTW/textures/blocks/fcBlockPlatform_bottom.png
73,BTW/textures/blocks/decoBlockBarrelCherry_potato.png
74,BTW/textures/blocks/decoBlockShinglesColoredColumn_red.png
75,BTW/textures/blocks/fcBlockWheatCrop_7.png
76,BTW/textures/blocks/fcBlockRedstoneClutch_output.png
77,BTW/textures/blocks/decoBlockLadderJungle.png
78,BTW/textures/blocks/decoBlockBarrelBirch_carrot.png
79,BTW/textures/blocks/fcBlockMillStone_bottom_on.png
80,BTW/textures/blocks/fcBlockBucket_chocolate.png
81,BTW/textures/blocks/fcBlockDetectorRailWood.png
82,BTW/textures/blocks/decoBlockSandstoneMossy_bottom.png
83,BTW/textures/blocks/fcBlockColumnNetherBrick_side.png
84,BTW/textures/blocks/fcOverlaySnowLoose_1.png
85,BTW/textures/blocks/fcBlockVessel_side.png
86,BTW/textures/blocks/fcBlockBellows_front.png
87,BTW/textures/blocks/fcBlockCandle_c06.png
88,BTW/textures/blocks/fcBlockCandle_c12.png
89,BTW/textures/blocks/cloth_2.png
90,BTW/textures/blocks/decoBlockSaplingAcacia_02.png
91,BTW/textures/blocks/decoBlockSaplingAcacia_03.png
92,BTW/textures/blocks/fcBlockCandle_c13.png
93,BTW/textures/blocks/fcBlockTurntable_side.png
94,BTW/textures/blocks/fcBlockCandle_c07.png
95,BTW/textures/blocks/decoBlockLadderCherry.png
96,BTW/textures/blocks/fcBlockVesselWideBand_top.png
97,BTW/textures/blocks/fcBlockHandCrank_top.png
98,BTW/textures/blocks/fcBlockHamper_bottom.png
99,BTW/textures/blocks/fcBlockWoodCinders.png
100,BTW/textures/blocks/fcBlockWheatCrop_6.png
101,BTW/textures/blocks/fcBlockInfernalEnchanter_side.png
102,BTW/textures/blocks/decoBlockWorkStumpCherry.png
103,BTW/textures/blocks/fcBlockCarrotFlowers_1.png
104,BTW/textures/blocks/decoBlockShingles.png
105,BTW/textures/blocks/decoBlockGlazedTerracotta_pink_2.png
106,BTW/textures/blocks/decoBlockGlazedTerracotta_green_1.png
107,BTW/textures/blocks/decoBlockInfusedStoneSmoothColumn.png
108,BTW/textures/blocks/fcBlockSlabDirt_grass_top_item.png
109,BTW/textures/blocks/fcBlockUncookedPumpkinPie_top.png
110,BTW/textures/blocks/decoBlockTerracottaStainedColumn_red.png
111,BTW/textures/blocks/decoBlockBarrelAcacia_carrot.png
112,BTW/textures/blocks/decoOverlayNetherBrickRedSuperheated.png
113,BTW/textures/blocks/fcBlockCrucible_bottom.png
114,BTW/textures/blocks/fcBlockBlockDispenser_top.png
115,BTW/textures/blocks/decoBlockBookshelfAcacia.png
116,BTW/textures/blocks/decoBlockGlazedTerracotta_black_3.png
117,BTW/textures/blocks/decoBlockSaplingAutumnRed_01.png
118,BTW/textures/blocks/clay.png
119,BTW/textures/blocks/fcBlockBuddyBlock.png
120,BTW/textures/blocks/fcBlockPowderKeg_side.png
121,BTW/textures/blocks/decoBlockBarrelBirch_hemp.png
122,BTW/textures/blocks/decoBlockSaplingAutumnYellow_03.png
123,BTW/textures/blocks/fcBlockDetectorRailSoulforgedSteel.png
124,BTW/textures/blocks/fcBlockHandCrank_shaft.png
125,BTW/textures/blocks/fcBlockBoneSlab_side.png
126,BTW/textures/blocks/decoBlockTerracottaStainedColumn_lightBlue.png
127,BTW/textures/blocks/decoBlockBookshelfEmptyAcacia.png
128,BTW/textures/blocks/decoBlockBarrelSpruce_wheat.png
129,BTW/textures/blocks/decoBlockSlateBrickLoose.png
130,BTW/textures/blocks/decoBlockRedSandstoneMossyColumn.png
131,BTW/textures/blocks/fcBlockStone_2_cracked.png
132,BTW/textures/blocks/decoBlockBarrelSpruce_potato.png
133,BTW/textures/blocks/fcBlockHopper_grate.png
134,BTW/textures/blocks/decoBlockPlanksPainted_yellow.png
135,BTW/textures/blocks/fcBlockWheatCrop_2.png
136,BTW/textures/blocks/decoBlockTerracottaStainedColumn_yellow.png
137,BTW/textures/blocks/decoBlockPumpkin_0.png
138,BTW/textures/blocks/decoBlockPlanksPainted_lightBlue.png
139,BTW/textures/blocks/decoBlockRedSandstoneBrickLargeCrackedColumn.png
140,BTW/textures/blocks/decoBlockLeavesCherry.png
141,BTW/textures/blocks/decoBlockLanternIron.png
142,BTW/textures/blocks/fcBlockCandle_c03.png
143,BTW/textures/blocks/decoBlockGlazedTerracotta_gray_1.png
144,BTW/textures/blocks/fcBlockLogChewedOak_side_border.png
145,BTW/textures/blocks/decoBlockBarrelBlood_side.png
146,BTW/textures/blocks/decoBlockPlanksPaintedColumn_black.png
147,BTW/textures/blocks/fcOverlaySnowLoose_4.png
148,BTW/textures/blocks/decoBlockLanternPaper_anim.png
149,BTW/textures/blocks/fcBlockMyceliumSparse.png
150,BTW/textures/blocks/decoBlockShinglesColoredColumn_cyan.png
151,BTW/textures/blocks/fcBlockWeb_1.png
152,BTW/textures/blocks/decoBlockPlanksPaintedColumn_yellow.png
153,BTW/textures/blocks/decoBlockDoorBlood_upper.png
154,BTW/textures/blocks/fcOverlaySnowLoose_5.png
155,BTW/textures/blocks/decoBlockDioriteBrickColumn.png
156,BTW/textures/blocks/fcBlockCandle_c02.png
157,BTW/textures/blocks/fcBlockTurntable_bottom.png
158,BTW/textures/blocks/fcBlockPedestalStone_top.png
159,BTW/textures/blocks/FCBlockBlightL3_side.png
160,BTW/textures/blocks/fcBlockBone_side.png
161,BTW/textures/blocks/FCBlockBlightL2_side.png
162,BTW/textures/blocks/decoBlockRedSandstoneBrick.png
163,BTW/textures/blocks/decoBlockPumpkin_1.png
164,BTW/textures/blocks/fcBlockWheatCrop_3.png
165,BTW/textures/blocks/fcBlockDirtLoose.png
166,BTW/textures/blocks/decoBlockShinglesColored_red.png
167,BTW/textures/blocks/rose.png
168,BTW/textures/blocks/fcBlockPadding.png
169,BTW/textures/blocks/decoBlockSaplingAutumnYellow_02.png
170,BTW/textures/blocks/decoBlockSlateCobbleLoose.png
171,BTW/textures/blocks/decoOverlayGraniteCobbleLava.png
172,BTW/textures/blocks/fcOverlayBlank.png
173,BTW/textures/blocks/decoBlockSandstoneBrickLargeCrackedColumn.png
174,BTW/textures/blocks/decoBlockGlazedTerracotta_black_2.png
175,BTW/textures/blocks/decoBlockSaplingAutumnRed_00.png
176,BTW/textures/blocks/fcOverlayFurnaceFuel_8.png
177,BTW/textures/blocks/fcBlockFurnaceFullFrontLit.png
178,BTW/textures/blocks/decoBlockDioriteCobble.png
179,BTW/textures/blocks/fcBlockLightBlock.png
180,BTW/textures/blocks/fcBlockBarrel_side.png
181,BTW/textures/blocks/fcOverlayCobblestoneLava.png
182,BTW/textures/blocks/decoBlockSaplingAutumnRed_02.png
183,BTW/textures/blocks/fcBlockBuddyBlock_front.png
184,BTW/textures/blocks/fcBlockHandCrank_side.png
185,BTW/textures/blocks/decoBlockSaplingAutumnYellow_00.png
186,BTW/textures/blocks/decoBlockTrapdoorBlood.png
187,BTW/textures/blocks/decoBlockTrunkAcacia_top.png
188,BTW/textures/blocks/fcBlockPlanter_top_soulsand.png
189,BTW/textures/blocks/fcBlockWheatCrop_1.png
190,BTW/textures/blocks/decoBlockDioriteSmoothColumn.png
191,BTW/textures/blocks/fcBlockGrassSparse.png
192,BTW/textures/blocks/fcBlockHopper_trap.png
193,BTW/textures/blocks/fcBlockVase_c09.png
194,BTW/textures/blocks/fcBlockCandle_c14.png
195,BTW/textures/blocks/decoBlockGlazedTerracotta_gray_2.png
196,BTW/textures/blocks/decoBlockBookshelfBirch.png
197,BTW/textures/blocks/decoBlockTerracottaStainedColumn_green.png
198,BTW/textures/blocks/fcBlockCandle_c00.png
199,BTW/textures/blocks/fcOverlaySnowLoose_7.png
200,BTW/textures/blocks/fcBlockStake_side_string.png
201,BTW/textures/blocks/decoOverlayMagma.png
202,BTW/textures/blocks/fcBlockCompanionCube.png
203,BTW/textures/blocks/fcBlockWeb_3.png
204,BTW/textures/blocks/fcBlockAnchor.png
205,BTW/textures/blocks/decoBlockCrateAcacia.png
206,BTW/textures/blocks/fcBlockBasketWicker_front.png
207,BTW/textures/blocks/decoBlockBarrelOak_potato.png
208,BTW/textures/blocks/fcBlockAnchor_front.png
209,BTW/textures/blocks/fcBlockCampfire.png
210,BTW/textures/blocks/fcBlockStoneRough_broken.png
211,BTW/textures/blocks/fcBlockTorchFiniteIdle.png
212,BTW/textures/blocks/decoBlockShinglesColored_green.png
213,BTW/textures/blocks/fcOverlaySnowLoose_6.png
214,BTW/textures/blocks/decoBlockShinglesColoredColumn_black.png
215,BTW/textures/blocks/fcBlockWeb_2.png
216,BTW/textures/blocks/decoBlockGlazedTerracotta_gray_3.png
217,BTW/textures/blocks/fcBlockCandle_c01.png
218,BTW/textures/blocks/fcBlockCandle_c15.png
219,BTW/textures/blocks/fcBlockVase_c08.png
220,BTW/textures/blocks/decoBlockRedSandstoneMossy_top.png
221,BTW/textures/blocks/decoBlockPumpkin_2.png
222,BTW/textures/blocks/fcBlockHibachi_side.png
223,BTW/textures/blocks/fcBlockCompanionCube_front.png
224,BTW/textures/blocks/fcBlockWheatCrop_0.png
225,BTW/textures/blocks/redstoneDust_cross.png
226,BTW/textures/blocks/fcBlockHibachi_bottom.png
227,BTW/textures/blocks/fcBlockPlatform_top.png
228,BTW/textures/blocks/fcBlockSoap_top.png
229,BTW/textures/blocks/decoBlockPaperWall_top.png
230,BTW/textures/blocks/fcBlockShovel.png
231,BTW/textures/blocks/decoBlockSaplingAutumnYellow_01.png
232,BTW/textures/blocks/decoBlockPlanksPaintedColumn_blue.png
233,BTW/textures/blocks/decoBlockPlanksPaintedColumn_pink.png
234,BTW/textures/blocks/decoBlockBarrelAcacia_side.png
235,BTW/textures/blocks/fcBlockSawBlade_off.png
236,BTW/textures/blocks/decoBlockRedSandstoneMossy_side.png
237,BTW/textures/blocks/decoBlockBottleRackOak.png
238,BTW/textures/blocks/fcBlockHopperInterior_side.png
239,BTW/textures/blocks/fcBlockWicker.png
240,BTW/textures/blocks/decoBlockPumpkin_1_lit.png
241,BTW/textures/blocks/decoBlockSaplingAutumnRed_03.png
242,BTW/textures/blocks/fcBlockCampfire_spit.png
243,BTW/textures/blocks/decoBlockGlazedTerracotta_black_1.png
244,BTW/textures/blocks/decoBlockTrunkAcacia_side.png
245,BTW/textures/blocks/FCBlockBlightL2_roots.png
246,BTW/textures/blocks/fcBlockSaw.png
247,BTW/textures/blocks/fcBlockLavaPillow.png
248,BTW/textures/blocks/fcBlockDetectorBlock_front_on.png
249,BTW/textures/blocks/decoBlockTerracottaStainedColumn_white.png
250,BTW/textures/blocks/decoOverlaySlateCobbleLava.png
251,BTW/textures/blocks/fcBlockRedstoneClutch.png
252,BTW/textures/blocks/fcBlockBarrel_top.png
253,BTW/textures/blocks/decoBlockPlanksPaintedColumn_lime.png
254,BTW/textures/blocks/fcBlockSaplingOak_01.png
255,BTW/textures/blocks/bed_head_side.png
256,BTW/textures/blocks/fcBlockHemp_bottom_05.png
257,BTW/textures/blocks/decoBlockDioriteBrick.png
258,BTW/textures/blocks/bed_head_top.png
259,BTW/textures/blocks/decoBlockBarrelCherry_wheat.png
260,BTW/textures/blocks/fcBlockRottenFlesh.png
261,BTW/textures/blocks/fcBlockSlabWicker.png
262,BTW/textures/blocks/decoBlockSandstoneBrickLarge.png
263,BTW/textures/blocks/decoBlockPlanksPaintedColumn_gray.png
264,BTW/textures/blocks/decoBlockSandstoneBrickLargeCracked.png
265,BTW/textures/blocks/fcBlockColumnStone_side.png
266,BTW/textures/blocks/decoBlockTrunkBirch_top.png
267,BTW/textures/blocks/brewingStand.png
268,BTW/textures/blocks/decoBlockDioriteCobbleLoose.png
269,BTW/textures/blocks/decoOverlaySlateRough_6.png
270,BTW/textures/blocks/leaves_opaque.png
271,BTW/textures/blocks/decoBlockAndesiteBrickLoose.png
272,BTW/textures/blocks/fcBlockLens_input.png
273,BTW/textures/blocks/fcBlockHopper_slats.png
274,BTW/textures/blocks/fcBlockRope_side.png
275,BTW/textures/blocks/fcBlockBuddyBlock_front_on.png
276,BTW/textures/blocks/fcBlockScrewPump_bottom.png
277,BTW/textures/blocks/fcBlockHemp_bottom_04.png
278,BTW/textures/blocks/decoBlockGlassFramedIron.png
279,BTW/textures/blocks/fcBlockEnder.png
280,BTW/textures/blocks/fcBlockHopperBin_side.png
281,BTW/textures/blocks/fcBlockFurnaceFullFront.png
282,BTW/textures/blocks/fcBlockInfernalEnchanter_bottom.png
283,BTW/textures/blocks/fcBlockoreIronStrata_2.png
284,BTW/textures/blocks/fcBlockLightBlock_lit.png
285,BTW/textures/blocks/fcBlockSaplingOak_00.png
286,BTW/textures/blocks/decoBlockSandstoneBrickLargeMossy.png
287,BTW/textures/blocks/fcBlockGrassSparseDirt.png
288,BTW/textures/blocks/decoBlockBarrelOak_carrot.png
289,BTW/textures/blocks/decoBlockShinglesColored_white.png
290,BTW/textures/blocks/decoBlockBarrelJungle_wheat.png
291,BTW/textures/blocks/fcBlockCrucibleWideBand_top.png
292,BTW/textures/blocks/decoBlockBarrelCherry_fish.png
293,BTW/textures/blocks/fcBlockMillStone_side.png
294,BTW/textures/blocks/decoBlockPrismarine.png
295,BTW/textures/blocks/decoBlockSandstoneMossyColumn.png
296,BTW/textures/blocks/decoBlockPlanksPainted_cyan.png
297,BTW/textures/blocks/decoBlockRedSandstoneBrickLargeMossyColumn.png
298,BTW/textures/blocks/fcBlockBlockDispenser_side.png
299,BTW/textures/blocks/decoBlockPlanksPainted_lightGray.png
300,BTW/textures/blocks/decoBlockWhiteBricksCracked.png
301,BTW/textures/blocks/fcOverlayEmbers.png
302,BTW/textures/blocks/fcBlockSaplingOak_02.png
303,BTW/textures/blocks/decoBlockLadderBlood.png
304,BTW/textures/blocks/fcBlockCampfire_support.png
305,BTW/textures/blocks/decoBlockSandstoneBrickLargeColumn.png
306,BTW/textures/blocks/fcBlockHemp_bottom_06.png
307,BTW/textures/blocks/fcBlockLogSmouldering.png
308,BTW/textures/blocks/decoBlockPlanksPaintedColumn_red.png
309,BTW/textures/blocks/fcBlockColumnWoodSpruce_side.png
310,BTW/textures/blocks/fcBlockAxle_side.png
311,BTW/textures/blocks/decoOverlaySlateRough_4.png
312,BTW/textures/blocks/fcBlockBasketWicker_top.png
313,BTW/textures/blocks/fcBlockColumnWoodJungle_side.png
314,BTW/textures/blocks/decoBlockTerracottaStainedColumn_lightGray.png
315,BTW/textures/blocks/decoBlockPergola_sides_0.png
316,BTW/textures/blocks/decoBlockPergola_sides_1.png
317,BTW/textures/blocks/flowerPot.png
318,BTW/textures/blocks/decoBlockBarrelJungle_fish.png
319,BTW/textures/blocks/fcBlockGroth_side.png
320,BTW/textures/blocks/sponge.png
321,BTW/textures/blocks/fcBlockStone_1_cracked.png
322,BTW/textures/blocks/decoOverlaySlateRough_5.png
323,BTW/textures/blocks/decoBlockBottleRackEmptyBlood.png
324,BTW/textures/blocks/fcBlockGearBox_output.png
325,BTW/textures/blocks/decoBlockSlateSmoothColumn.png
326,BTW/textures/blocks/decoBlockWorkStumpAcacia.png
327,BTW/textures/blocks/fcBlockHemp_bottom_07.png
328,BTW/textures/blocks/decoBlockBarrelSpruce_fish.png
329,BTW/textures/blocks/fcBlockGroth_top_grown.png
330,BTW/textures/blocks/fcBlockBloodWood_side.png
331,BTW/textures/blocks/fcBlockBoneSlab_top.png
332,BTW/textures/blocks/fcBlockSaplingOak_03.png
333,BTW/textures/blocks/decoBlockBottleRackSpruce.png
334,BTW/textures/blocks/fcBlockoreIronStrata_1.png
335,BTW/textures/blocks/decoBlockBarrelSpruce_carrot.png
336,BTW/textures/blocks/fcBlockChoppingBlock_dirty.png
337,BTW/textures/blocks/decoBlockLadderAcacia.png
338,BTW/textures/blocks/fcBlockNetherBrickLoose.png
339,BTW/textures/blocks/fcBlockRope.png
340,BTW/textures/blocks/decoBlockLadderBirch.png
341,BTW/textures/blocks/fcBlockBlockDispenser_front.png
342,BTW/textures/blocks/fcBlockVessel_xp.png
343,BTW/textures/blocks/decoBlockCrateOak.png
344,BTW/textures/blocks/decoBlockLadderIron.png
345,BTW/textures/blocks/decoBlockLeavesAcacia.png
346,BTW/textures/blocks/decoBlockLeavesAutumnYellow.png
347,BTW/textures/blocks/fcBlockDecorativeNetherBrick.png
348,BTW/textures/blocks/decoOverlayNetherrackSuperheated.png
349,BTW/textures/blocks/decoBlockPolishedStoneColumn.png
350,BTW/textures/blocks/decoBlockGlazedTerracotta_cyan_3.png
351,BTW/textures/blocks/decoBlockShinglesColored_lightBlue.png
352,BTW/textures/blocks/fcBlockHemp_bottom_03.png
353,BTW/textures/blocks/decoBlockSaplingAutumnOrange_03.png
354,BTW/textures/blocks/decoBlockBookshelfEmptyCherry.png
355,BTW/textures/blocks/decoBlockGlazedTerracotta_lightGray_2.png
356,BTW/textures/blocks/decoBlockDioriteCobbleColumn.png
357,BTW/textures/blocks/decoOverlaySlateRough_1.png
358,BTW/textures/blocks/fcBlockDung.png
359,BTW/textures/blocks/decoBlockPlanksPaintedColumn_lightGray.png
360,BTW/textures/blocks/fcBlockStone_1.png
361,BTW/textures/blocks/fcBlockChoppingBlock.png
362,BTW/textures/blocks/bed_feet_end.png
363,BTW/textures/blocks/fcBlockStoneRough_1_broken.png
364,BTW/textures/blocks/decoBlockBookshelfCherry.png
365,BTW/textures/blocks/decoBlockBarrelAcacia_potato.png
366,BTW/textures/blocks/fcBlockoreGoldStrata_1.png
367,BTW/textures/blocks/fcBlockRope_top.png
368,BTW/textures/blocks/fcBlockStakeString.png
369,BTW/textures/blocks/leaves_spruce_opaque.png
370,BTW/textures/blocks/fcBlockMyceliumSlab_side_half.png
371,BTW/textures/blocks/decoBlockBarrelOak_side.png
372,BTW/textures/blocks/fcBlockColumnWhiteStone_side.png
373,BTW/textures/blocks/fcBlockWorkStumpSpruce.png
374,BTW/textures/blocks/fcBlockDetectorRailWood_on.png
375,BTW/textures/blocks/fcBlockVessel_top.png
376,BTW/textures/blocks/decoBlockBottleRackEmptyBirch.png
377,BTW/textures/blocks/fcBlockColumnWoodBlood_side.png
378,BTW/textures/blocks/decoBlockPumpkin_2_lit.png
379,BTW/textures/blocks/decoBlockBookshelfEmptyJungle.png
380,BTW/textures/blocks/decoBlockPrismarineLantern.png
381,BTW/textures/blocks/decoBlockBookshelfJungle.png
382,BTW/textures/blocks/decoBlockGlazedTerracotta_lightGray_3.png
383,BTW/textures/blocks/beacon.png
384,BTW/textures/blocks/FCBlockPackedEarth.png
385,BTW/textures/blocks/fcBlockHemp_bottom_02.png
386,BTW/textures/blocks/fcBlockInfernalEnchanter_top.png
387,BTW/textures/blocks/decoBlockSaplingAutumnOrange_02.png
388,BTW/textures/blocks/decoBlockGlazedTerracotta_cyan_2.png
389,BTW/textures/blocks/decoBlockBottleRackEmptySpruce.png
390,BTW/textures/blocks/decoBlockLanternPaperBroken_top.png
391,BTW/textures/blocks/fcBlockHamper_top.png
392,BTW/textures/blocks/decoBlockBarrelBirch_wheat.png
393,BTW/textures/blocks/decoBlockBarrelBirch_potato.png
394,BTW/textures/blocks/fcBlockTorchIdle.png
395,BTW/textures/blocks/fcBlockoreDiamondStrata_2.png
396,BTW/textures/blocks/fcBlockCrucible_contents.png
397,BTW/textures/blocks/decoBlockBarrelCherry_carrot.png
398,BTW/textures/blocks/decoBlockChainCoil_side.png
399,BTW/textures/blocks/decoBlockWhiteBricks.png
400,BTW/textures/blocks/fcBlockLens_output.png
401,BTW/textures/blocks/decoBlockCrateCherry.png
402,BTW/textures/blocks/fcBlockRedstoneClutch_input.png
403,BTW/textures/blocks/fcBlockCement.png
404,BTW/textures/blocks/fcBlockScrewPump_front.png
405,BTW/textures/blocks/fcBlockShovel_edge_middle.png
406,BTW/textures/blocks/decoBlockSaplingAutumnOrange_00.png
407,BTW/textures/blocks/fcBlockHemp_bottom_00.png
408,BTW/textures/blocks/fcBlockBlackStone.png
409,BTW/textures/blocks/decoBlockTulip_4.png
410,BTW/textures/blocks/decoBlockBarrelJungle_top.png
411,BTW/textures/blocks/decoOverlaySlateRough_2.png
412,BTW/textures/blocks/fcBlockTableWoodOak_leg.png
413,BTW/textures/blocks/decoBlockPrismarineColumn.png
414,BTW/textures/blocks/decoBlockGlazedTerracotta_lightGray_1.png
415,BTW/textures/blocks/fcBlockStone_2.png
416,BTW/textures/blocks/fcBlockBellows_bottom.png
417,BTW/textures/blocks/decoBlockShinglesColored_purple.png
418,BTW/textures/blocks/fcBlockCrucible_side.png
419,BTW/textures/blocks/decoBlockTerracottaStainedColumn_brown.png
420,BTW/textures/blocks/fcBlockoreGoldStrata_2.png
421,BTW/textures/blocks/fcBlockBucket_water.png
422,BTW/textures/blocks/fcBlockRottenFleshSlab.png
423,BTW/textures/blocks/fcBlockSoap.png
424,BTW/textures/blocks/decoBlockTrunkSpruce_top.png
425,BTW/textures/blocks/fcBlockStub.png
426,BTW/textures/blocks/decoBlockShinglesColored_cyan.png
427,BTW/textures/blocks/decoBlockPlanksAcaciaColumn.png
428,BTW/textures/blocks/decoBlockPlanksPainted_black.png
429,BTW/textures/blocks/decoBlockShinglesColored_brown.png
430,BTW/textures/blocks/fcBlockSawBlade_on.png
431,BTW/textures/blocks/fcBlockMillStone_bottom.png
432,BTW/textures/blocks/decoOverlaySlateRough_3.png
433,BTW/textures/blocks/decoBlockLanternPaperBroken.png
434,BTW/textures/blocks/FCBlockBlightL3_roots.png
435,BTW/textures/blocks/decoBlockGlazedTerracotta_cyan_1.png
436,BTW/textures/blocks/decoBlockSaplingAutumnOrange_01.png
437,BTW/textures/blocks/fcBlockTrunkJungle.png
438,BTW/textures/blocks/fcBlockHemp_bottom_01.png
439,BTW/textures/blocks/decoBlockDoorBlood_lower.png
440,BTW/textures/blocks/fcBlockLightningRod.png
441,BTW/textures/blocks/decoBlockBookshelfEmptyOak.png
442,BTW/textures/blocks/decoBlockGateBlood.png
443,BTW/textures/blocks/fcBlockTableWoodOak_top.png
444,BTW/textures/blocks/fcBlockoreDiamondStrata_1.png
445,BTW/textures/blocks/fcBlockDecorativeWhiteStone.png
446,BTW/textures/blocks/decoBlockBarrelBirch_fish.png
447,BTW/textures/blocks/decoBlockGraniteBrickLoose.png
448,BTW/textures/blocks/decoBlockCrateJungle.png
449,BTW/textures/blocks/decoBlockWhiteBricksMossy.png
450,BTW/textures/blocks/decoBlockShinglesColoredColumn_purple.png
451,BTW/textures/blocks/decoBlockBarrelOak_wheat.png
452,BTW/textures/blocks/trapdoor.png
453,BTW/textures/blocks/decoBlockShinglesColumn.png
454,BTW/textures/blocks/fcBlockMillStone_top.png
455,BTW/textures/blocks/fcBlockBasketWicker_open_top.png
456,BTW/textures/blocks/decoBlockGlazedTerracotta_red_3.png
457,BTW/textures/blocks/decoBlockBookshelfEmptyBirch.png
458,BTW/textures/blocks/fcBlockBucket_milk.png
459,BTW/textures/blocks/decoBlockWhiteBricksColumn.png
460,BTW/textures/blocks/fcBlockScrewPump_top.png
461,BTW/textures/blocks/fcBlockAxle_end.png
462,BTW/textures/blocks/fcBlockBrickLoose.png
463,BTW/textures/blocks/FCBlockBlightL2_bottom.png
464,BTW/textures/blocks/cauldron_bottom.png
465,BTW/textures/blocks/decoBlockGlazedTerracotta_yellow_2.png
466,BTW/textures/blocks/fcBlockWeeds_0.png
467,BTW/textures/blocks/decoBlockFlower_5.png
468,BTW/textures/blocks/decoBlockShinglesColoredColumn_magenta.png
469,BTW/textures/blocks/fcBlockFireStokedTopStub_1.png
470,BTW/textures/blocks/fcOverlayUnfiredBrick_5.png
471,BTW/textures/blocks/decoBlockGraniteCobbleLoose.png
472,BTW/textures/blocks/decoBlockGlazedTerracotta_white_1.png
473,BTW/textures/blocks/fcOverlayStoneRough_3.png
474,BTW/textures/blocks/fcBlockSaplingSpruce_02.png
475,BTW/textures/blocks/fcBlockSaplingSpruce_03.png
476,BTW/textures/blocks/fcBlockTorchFiniteIdle_burned.png
477,BTW/textures/blocks/decoBlockGlassFramedBirch.png
478,BTW/textures/blocks/fcBlockCreeperOystersSlab.png
479,BTW/textures/blocks/fcBlockFurnaceBrick_front_lit.png
480,BTW/textures/blocks/fcOverlayStoneRough_2.png
481,BTW/textures/blocks/decoBlockInfusedStoneBrick.png
482,BTW/textures/blocks/decoBlockBarrelBlood_fish.png
483,BTW/textures/blocks/fcBlockPlanks_blood.png
484,BTW/textures/blocks/fcBlockStoneRough_2_broken.png
485,BTW/textures/blocks/fcBlockCandleWick.png
486,BTW/textures/blocks/fcOverlayUnfiredBrick_4.png
487,BTW/textures/blocks/fcBlockFireStokedTopStub_0.png
488,BTW/textures/blocks/fcBlockWeeds_1.png
489,BTW/textures/blocks/decoBlockGlazedTerracotta_yellow_3.png
490,BTW/textures/blocks/decoBlockBottleRackBlood.png
491,BTW/textures/blocks/decoBlockPlanksPainted_green.png
492,BTW/textures/blocks/decoBlockShinglesColoredColumn_brown.png
493,BTW/textures/blocks/fcBlockBlackStone_chiseled.png
494,BTW/textures/blocks/decoBlockAndesiteSmoothColumn.png
495,BTW/textures/blocks/fcBlockVessel_bottom.png
496,BTW/textures/blocks/fcBlockDetectorBlock_front.png
497,BTW/textures/blocks/decoBlockPergola_top.png
498,BTW/textures/blocks/decoBlockGlazedTerracotta_red_2.png
499,BTW/textures/blocks/decoBlockBarrelAcacia_fish.png
500,BTW/textures/blocks/bed_feet_top.png
501,BTW/textures/blocks/decoBlockShinglesColored_lime.png
502,BTW/textures/blocks/fcBlockStake_top_string.png
503,BTW/textures/blocks/decoBlockPlanksPaintedColumn_brown.png
504,BTW/textures/blocks/decoBlockSandstoneBrickColumn.png
505,BTW/textures/blocks/decoBlockNetherBrickRedLoose.png
506,BTW/textures/blocks/fcBlockWeeds_3.png
507,BTW/textures/blocks/decoBlockGlazedTerracotta_yellow_1.png
508,BTW/textures/blocks/decoBlockFlower_6.png
509,BTW/textures/blocks/fcBlockLeavesBloodWood_old.png
510,BTW/textures/blocks/decoBlockSlateRough_broken.png
511,BTW/textures/blocks/fcOverlayUnfiredBrick_6.png
512,BTW/textures/blocks/decoBlockRedSandstoneBrickLargeCracked.png
513,BTW/textures/blocks/decoOverlayAndesiteBrickLava.png
514,BTW/textures/blocks/fcBlockLogChewedOak_side.png
515,BTW/textures/blocks/fcBlockPressurePlateSoulforgedSteel.png
516,BTW/textures/blocks/decoBlockPlanksPaintedColumn_purple.png
517,BTW/textures/blocks/fcBlockCobblestoneLoose.png
518,BTW/textures/blocks/decoBlockGlazedTerracotta_white_2.png
519,BTW/textures/blocks/decoBlockChain.png
520,BTW/textures/blocks/decoBlockWhiteBricksChiseled.png
521,BTW/textures/blocks/decoBlockPlanksPaintedColumn_magenta.png
522,BTW/textures/blocks/fcBlockTrunkTop.png
523,BTW/textures/blocks/decoBlockBarrelBlood_carrot.png
524,BTW/textures/blocks/decoBlockBottleRackEmptyAcacia.png
525,BTW/textures/blocks/FCBlockBlightL0_top.png
526,BTW/textures/blocks/fcBlockSaplingSpruce_01.png
527,BTW/textures/blocks/fcBlockNetherQuartz.png
528,BTW/textures/blocks/fcBlockSaplingSpruce_00.png
529,BTW/textures/blocks/decoBlockTerracottaUnfired.png
530,BTW/textures/blocks/decoBlockBarrelSpruce_top.png
531,BTW/textures/blocks/fcOverlayStoneRough_1.png
532,BTW/textures/blocks/decoBlockShinglesColored_gray.png
533,BTW/textures/blocks/fcBlockPlanter_top_wet_fertilized.png
534,BTW/textures/blocks/hopper.png
535,BTW/textures/blocks/decoBlockGlazedTerracotta_white_3.png
536,BTW/textures/blocks/decoBlockTerracottaStainedColumn_pink.png
537,BTW/textures/blocks/decoBlockTerracottaStainedColumn_blue.png
538,BTW/textures/blocks/fcBlockClay.png
539,BTW/textures/blocks/decoBlockTerracottaStainedColumn_purple.png
540,BTW/textures/blocks/decoBlockBarrelOak_hemp.png
541,BTW/textures/blocks/fcOverlayNetherrackEmbers.png
542,BTW/textures/blocks/FCBlockSlabDirt_grass_snow_side.png
543,BTW/textures/blocks/fcBlockPowderKeg_top.png
544,BTW/textures/blocks/FCBlockBlightL0_side.png
545,BTW/textures/blocks/decoBlockPlanksPainted_purple.png
546,BTW/textures/blocks/decoBlockTrunkJungle_top.png
547,BTW/textures/blocks/FCBlockBlightL1_side.png
548,BTW/textures/blocks/fcBlockWeeds_2.png
549,BTW/textures/blocks/fcBlockNetherrackGrothed_side.png
550,BTW/textures/blocks/decoBlockPlanksCherryColumn.png
551,BTW/textures/blocks/fcBlockBucketEmpty_top.png
552,BTW/textures/blocks/fcBlockPowderKeg_bottom.png
553,BTW/textures/blocks/fcBlockBasketWicker.png
554,BTW/textures/blocks/fcBlockColumnWoodBirch_side.png
555,BTW/textures/blocks/decoBlockBarrelJungle_potato.png
556,BTW/textures/blocks/decoBlockFlower_15.png
557,BTW/textures/blocks/decoBlockGlazedTerracotta_red_1.png
558,BTW/textures/blocks/decoBlockRedSandstoneBrickLargeColumn.png
559,BTW/textures/blocks/fcBlockSaplingJungle_00.png
560,BTW/textures/blocks/decoBlockGraniteBrick.png
561,BTW/textures/blocks/decoBlockRedSandstoneBrickLarge.png
562,BTW/textures/blocks/decoBlockBarrelBlood_wheat.png
563,BTW/textures/blocks/decoBlockLeavesAutumnOrange.png
564,BTW/textures/blocks/fcBlockFurnaceBrick_top.png
565,BTW/textures/blocks/fcBlockStoneRough_1.png
566,BTW/textures/blocks/fcBlockMiningCharge_top.png
567,BTW/textures/blocks/water_flow.png
568,BTW/textures/blocks/fcBlockSoulforgeDormant.png
569,BTW/textures/blocks/fcBlockPedestalStone_side.png
570,BTW/textures/blocks/decoBlockBarrelAcacia_wheat.png
571,BTW/textures/blocks/decoBlockLadderSpruce.png
572,BTW/textures/blocks/decoBlockFlower_3.png
573,BTW/textures/blocks/fcBlockConcentratedHellfire.png
574,BTW/textures/blocks/decoBlockPlanksPaintedColumn_white.png
575,BTW/textures/blocks/FCBlockBlightL1_top.png
576,BTW/textures/blocks/fcOverlayUnfiredBrick_3.png
577,BTW/textures/blocks/fcBlockVineTrap.png
578,BTW/textures/blocks/fcOverlayStoneRough_5.png
579,BTW/textures/blocks/fcBlockBuddyBlock_on.png
580,BTW/textures/blocks/decoBlockBottleRackAcacia.png
581,BTW/textures/blocks/water.png
582,BTW/textures/blocks/fcBlockBone_top.png
583,BTW/textures/blocks/fcBlockCauldron_bottom.png
584,BTW/textures/blocks/fcBlockHopperNozzle_side.png
585,BTW/textures/blocks/fcOverlayStoneRough_4.png
586,BTW/textures/blocks/decoBlockPlanksPaintedColumn_cyan.png
587,BTW/textures/blocks/decoBlockGraniteSmoothColumn.png
588,BTW/textures/blocks/fcOverlayUnfiredBrick_2.png
589,BTW/textures/blocks/decoBlockChairBlood.png
590,BTW/textures/blocks/decoBlockGlazedTerracotta_lightBlue_1.png
591,BTW/textures/blocks/decoBlockBarrelBlood_top.png
592,BTW/textures/blocks/redstoneDust_line.png
593,BTW/textures/blocks/fcBlockColumnWoodOak_side.png
594,BTW/textures/blocks/decoBlockFlower_2.png
595,BTW/textures/blocks/fcBlockSoulforgedSteel.png
596,BTW/textures/blocks/decoBlockBottleRackEmptyOak.png
597,BTW/textures/blocks/fcBlockColumnBrick_side.png
598,BTW/textures/blocks/fcBlockBlockDispenser_bottom.png
599,BTW/textures/blocks/fcBlockShovel_edge.png
600,BTW/textures/blocks/decoBlockNetherBrickRedChiseled.png
601,BTW/textures/blocks/fcBlockStake_side.png
602,BTW/textures/blocks/comparator.png
603,BTW/textures/blocks/fcBlockSaplingJungle_01.png
604,BTW/textures/blocks/decoBlockChandelier.png
605,BTW/textures/blocks/fcBlockGrate.png
606,BTW/textures/blocks/fcBlockCompanionCube_guts.png
607,BTW/textures/blocks/fcBlockSaplingJungle_03.png
608,BTW/textures/blocks/decoBlockStrippedBlood_top.png
609,BTW/textures/blocks/decoBlockPlanksPainted_gray.png
610,BTW/textures/blocks/fcBlockCookedBrick.png
611,BTW/textures/blocks/decoBlockGrassRough.png
612,BTW/textures/blocks/decoBlockBookshelfEmptyBlood.png
613,BTW/textures/blocks/fcBlockStoneRough_2.png
614,BTW/textures/blocks/decoBlockWroughtIronBars.png
615,BTW/textures/blocks/decoBlockPlanksPainted_red.png
616,BTW/textures/blocks/decoBlockAndesiteCobble.png
617,BTW/textures/blocks/bed_head_end.png
618,BTW/textures/blocks/fcBlockMiningCharge_side_vert.png
619,BTW/textures/blocks/decoBlockFlower_0.png
620,BTW/textures/blocks/fcBlockAxle_side_on.png
621,BTW/textures/blocks/decoBlockGlazedTerracotta_lightBlue_3.png
622,BTW/textures/blocks/decoBlockGlassFramedCherry.png
623,BTW/textures/blocks/fcOverlayStoneRough_6.png
624,BTW/textures/blocks/fcBlockMiningCharge_bottom.png
625,BTW/textures/blocks/tripWire.png
626,BTW/textures/blocks/decoBlockSlateRough.png
627,BTW/textures/blocks/decoBlockBookshelfOak.png
628,BTW/textures/blocks/decoOverlayDioriteCobbleLava.png
629,BTW/textures/blocks/fcBlockPlanter.png
630,BTW/textures/blocks/decoBlockGlazedTerracotta_lightBlue_2.png
631,BTW/textures/blocks/fcOverlayUnfiredBrick_1.png
632,BTW/textures/blocks/fcBlockCauldron_side.png
633,BTW/textures/blocks/decoBlockGlassFramedJungle.png
634,BTW/textures/blocks/decoBlockGlassFramedBlood.png
635,BTW/textures/blocks/decoBlockPlanksPainted_lime.png
636,BTW/textures/blocks/decoBlockShinglesColoredColumn_white.png
637,BTW/textures/blocks/fcBlockCement_drying.png
638,BTW/textures/blocks/decoBlockLanternPaper_top.png
639,BTW/textures/blocks/fcBlockTrunkOak.png
640,BTW/textures/blocks/fcBlockHamper_front.png
641,BTW/textures/blocks/decoBlockFlower_1.png
642,BTW/textures/blocks/decoBlockShinglesColoredColumn_lightBlue.png
643,BTW/textures/blocks/decoBlockSlateSmooth.png
644,BTW/textures/blocks/fcBlockSlats_side.png
645,BTW/textures/blocks/decoBlockShinglesColoredColumn_pink.png
646,BTW/textures/blocks/decoBlockAndesiteCobbleLoose.png
647,BTW/textures/blocks/decoBlockShinglesColoredColumn_blue.png
648,BTW/textures/blocks/fcBlockStoneBrickLoose.png
649,BTW/textures/blocks/decoBlockBottleRackBirch.png
650,BTW/textures/blocks/fcBlockSaplingJungle_02.png
651,BTW/textures/blocks/fcBlockCampfire_burned.png
652,BTW/textures/blocks/FCBlockBlightL3_top.png
653,BTW/textures/blocks/decoBlockSaplingCherry_02.png
654,BTW/textures/blocks/fcOverlayFurnaceFuel_6.png
655,BTW/textures/blocks/fcBlockoreEmeraldStrata_2.png
656,BTW/textures/blocks/decoBlockDiamond.png
657,BTW/textures/blocks/decoBlockShinglesColoredColumn_yellow.png
658,BTW/textures/blocks/decoBlockSandstoneBrickLargeMossyColumn.png
659,BTW/textures/blocks/fcOverlayCook_5.png
660,BTW/textures/blocks/fcBlockStumpCharred.png
661,BTW/textures/blocks/decoBlockShinglesColoredColumn_lime.png
662,BTW/textures/blocks/fcBlockWheatCropTop_1.png
663,BTW/textures/blocks/decoBlockTerracottaStainedColumn_black.png
664,BTW/textures/blocks/fcBlockAnvil.png
665,BTW/textures/blocks/fcBlockWheatCrop_7_2.png
666,BTW/textures/blocks/decoBlockBarrelOak_fish.png
667,BTW/textures/blocks/fcBlockGearBox.png
668,BTW/textures/blocks/decoBlockPlanksPainted_pink.png
669,BTW/textures/blocks/decoBlockGraniteCobble.png
670,BTW/textures/blocks/decoBlockPlanksPainted_blue.png
671,BTW/textures/blocks/fcBlockHopperNozzle_bottom.png
672,BTW/textures/blocks/decoBlockCrateBirch.png
673,BTW/textures/blocks/fcBlockVase_c05.png
674,BTW/textures/blocks/fcBlockVase_c11.png
675,BTW/textures/blocks/fcBlockoreRedstoneStrata_1.png
676,BTW/textures/blocks/fcBlockMilkChocolate.png
677,BTW/textures/blocks/decoBlockGlazedTerracotta_orange_2.png
678,BTW/textures/blocks/decoBlockRedSandstoneMossy_bottom.png
679,BTW/textures/blocks/fcBlockoreLapisStrata_1.png
680,BTW/textures/blocks/fcBlockSaplingBirch_01.png
681,BTW/textures/blocks/fcBlockPulley_side.png
682,BTW/textures/blocks/fcBlockSaplingBirch_00.png
683,BTW/textures/blocks/decoBlockGlazedTerracotta_orange_3.png
684,BTW/textures/blocks/fcBlockPlanter_top_grass.png
685,BTW/textures/blocks/fcBlockPulley_top.png
686,BTW/textures/blocks/decoBlockShinglesColoredColumn_gray.png
687,BTW/textures/blocks/decoBlockGlazedTerracotta_lime_1.png
688,BTW/textures/blocks/fcBlockVase_c10.png
689,BTW/textures/blocks/fcBlockBucketEmpty.png
690,BTW/textures/blocks/fcBlockVase_c04.png
691,BTW/textures/blocks/fcBlockTrunkSpruce.png
692,BTW/textures/blocks/decoBlockShinglesColored_yellow.png
693,BTW/textures/blocks/decoBlockSandstoneMossy_top.png
694,BTW/textures/blocks/fcBlockPulley_bottom.png
695,BTW/textures/blocks/fcBlockWorkStumpBirch.png
696,BTW/textures/blocks/fcBlockWheatCrop_7_3.png
697,BTW/textures/blocks/decoBlockCrateSpruce.png
698,BTW/textures/blocks/fcBlockWheatCropTop_0.png
699,BTW/textures/blocks/decoBlockShinglesColored_black.png
700,BTW/textures/blocks/decoBlockPlanksPainted_brown.png
701,BTW/textures/blocks/decoBlockShinglesColoredColumn_green.png
702,BTW/textures/blocks/fcBlockMillStone_side_on_full.png
703,BTW/textures/blocks/fcOverlayCook_4.png
704,BTW/textures/blocks/decoBlockBarrelAcacia_hemp.png
705,BTW/textures/blocks/fcOverlayFurnaceFuel_7.png
706,BTW/textures/blocks/decoBlockShinglesColoredColumn_lightGray.png
707,BTW/textures/blocks/decoBlockSaplingCherry_03.png
708,BTW/textures/blocks/fcBlockTrunkBirch.png
709,BTW/textures/blocks/decoBlockWroughtIronBars_top.png
710,BTW/textures/blocks/decoBlockSaplingCherry_01.png
711,BTW/textures/blocks/fcBlockAshGroundCover.png
712,BTW/textures/blocks/decoBlockBarrelBirch_side.png
713,BTW/textures/blocks/fcOverlayFurnaceFuel_5.png
714,BTW/textures/blocks/fcBlockTorchFiniteSputtering.png
715,BTW/textures/blocks/fcBlockoreEmeraldStrata_1.png
716,BTW/textures/blocks/decoBlockBottleRackEmptyCherry.png
717,BTW/textures/blocks/fcOverlayCook_6.png
718,BTW/textures/blocks/decoBlockPlanksPaintedColumn_green.png
719,BTW/textures/blocks/fcBlockWheatCropTop_2.png
720,BTW/textures/blocks/fcBlockWheatCrop_7_1.png
721,BTW/textures/blocks/decoBlockBarrelBlood_hemp.png
722,BTW/textures/blocks/reeds.png
723,BTW/textures/blocks/fcBlockVase_c12.png
724,BTW/textures/blocks/fcBlockVase_c06.png
725,BTW/textures/blocks/fcBlockDetectorRailSoulforgedSteel_on.png
726,BTW/textures/blocks/fcBlockUrn.png
727,BTW/textures/blocks/fcBlockoreRedstoneStrata_2.png
728,BTW/textures/blocks/decoBlockGlazedTerracotta_lime_3.png
729,BTW/textures/blocks/fcBlockoreLapisStrata_2.png
730,BTW/textures/blocks/decoBlockGlazedTerracotta_orange_1.png
731,BTW/textures/blocks/fcBlockTurntable_switch.png
732,BTW/textures/blocks/fcBlockFurnaceBrick_side.png
733,BTW/textures/blocks/fcBlockSaplingBirch_02.png
734,BTW/textures/blocks/fcBlockBlackStone_lines.png
735,BTW/textures/blocks/fcBlockHopperInterior_top.png
736,BTW/textures/blocks/fcBlockPlanter_top_dry_fertilized.png
737,BTW/textures/blocks/fcBlockSaplingBirch_03.png
738,BTW/textures/blocks/decoBlockBookshelfEmptySpruce.png
739,BTW/textures/blocks/fcBlockWorkStumpJungle.png
740,BTW/textures/blocks/fcBlockMilk.png
741,BTW/textures/blocks/decoBlockGlazedTerracotta_lime_2.png
742,BTW/textures/blocks/fcBlockVase_c07.png
743,BTW/textures/blocks/fcBlockVase_c13.png
744,BTW/textures/blocks/fcBlockWorkStumpOak.png
745,BTW/textures/blocks/fcBlockBucketEmpty_top_side.png
746,BTW/textures/blocks/decoBlockSandstoneMossy_side.png
747,BTW/textures/blocks/decoBlockBarrelAcacia_top.png
748,BTW/textures/blocks/fcBlockBloodWood.png
749,BTW/textures/blocks/decoBlockBookshelfSpruce.png
750,BTW/textures/blocks/fcBlockWheatCrop_7_0.png
751,BTW/textures/blocks/decoBlockPergola_bottom.png
752,BTW/textures/blocks/decoBlockAndesiteCobbleColumn.png
753,BTW/textures/blocks/leaves_jungle_opaque.png
754,BTW/textures/blocks/fcBlockStake_top.png
755,BTW/textures/blocks/decoBlockBottleRackEmptyJungle.png
756,BTW/textures/blocks/decoBlockAndesiteBrickColumn.png
757,BTW/textures/blocks/fcBlockWheatCropTop_3.png
758,BTW/textures/blocks/fcBlockHopperBin_bottom.png
759,BTW/textures/blocks/fcBlockSlats.png
760,BTW/textures/blocks/fcOverlayFurnaceFuel_4.png
761,BTW/textures/blocks/fcBlockMillStone_side_full.png
762,BTW/textures/blocks/fcBlockMiningCharge_side.png
763,BTW/textures/blocks/decoBlockSaplingCherry_00.png
764,BTW/textures/blocks/fcBlockGearBox_input.png
765,BTW/textures/blocks/fcBlockBlackStone_lines_top.png
766,BTW/textures/blocks/decoBlockGlazedTerracotta_magenta_3.png
767,BTW/textures/blocks/decoBlockSlateColumn.png
768,BTW/textures/blocks/decoBlockBottleRackCherry.png
769,BTW/textures/blocks/fcOverlayCook_3.png
770,BTW/textures/blocks/decoBlockTrunkCherry_side.png
771,BTW/textures/blocks/fcOverlayFurnaceFuel_0.png
772,BTW/textures/blocks/decoBlockBarrelCherry_top.png
773,BTW/textures/blocks/fcBlockGroth_top.png
774,BTW/textures/blocks/fcBlockCrucible_top.png
775,BTW/textures/blocks/decoBlockBarrelCherry_side.png
776,BTW/textures/blocks/decoOverlayNetherBrickSuperheated.png
777,BTW/textures/blocks/decoBlockTerracottaStainedColumn_orange.png
778,BTW/textures/blocks/fcBlockVase_c03.png
779,BTW/textures/blocks/decoBlockPlanksPainted_orange.png
780,BTW/textures/blocks/decoBlockGraniteBrickColumn.png
781,BTW/textures/blocks/decoBlockBarrelJungle_carrot.png
782,BTW/textures/blocks/decoBlockTerracottaStainedColumn_lime.png
783,BTW/textures/blocks/decoBlockGlazedTerracotta_blue_3.png
784,BTW/textures/blocks/decoBlockRedSandstoneBrickColumn.png
785,BTW/textures/blocks/fcBlockCarrots_3.png
786,BTW/textures/blocks/decoBlockPlanksPainted_magenta.png
787,BTW/textures/blocks/fcBlockoreCoalStrata_1.png
788,BTW/textures/blocks/decoBlockTerracottaColumn.png
789,BTW/textures/blocks/decoBlockDioriteBrickLoose.png
790,BTW/textures/blocks/decoBlockPlanksPaintedColumn_orange.png
791,BTW/textures/blocks/fcBlockBellows_side.png
792,BTW/textures/blocks/decoBlockGlazedTerracotta_brown_1.png
793,BTW/textures/blocks/decoBlockGlazedTerracotta_blue_2.png
794,BTW/textures/blocks/fcBlockReedRoots.png
795,BTW/textures/blocks/decoBlockStrippedBlood_side.png
796,BTW/textures/blocks/fcBlockFurnaceBrick_front.png
797,BTW/textures/blocks/fcBlockVase_c02.png
798,BTW/textures/blocks/cauldron_side.png
799,BTW/textures/blocks/fcBlockHopperBin_top.png
800,BTW/textures/blocks/decoBlockTerracottaStainedColumn_gray.png
801,BTW/textures/blocks/decoBlockSpiderEye.png
802,BTW/textures/blocks/decoBlockBottleRackJungle.png
803,BTW/textures/blocks/decoBlockShinglesColored_blue.png
804,BTW/textures/blocks/cauldron_top.png
805,BTW/textures/blocks/decoBlockShinglesColored_pink.png
806,BTW/textures/blocks/fcOverlayFurnaceFuel_1.png
807,BTW/textures/blocks/fcOverlayCook_2.png
808,BTW/textures/blocks/decoBlockGlazedTerracotta_purple_1.png
809,BTW/textures/blocks/decoBlockBarrelBlood_potato.png
810,BTW/textures/blocks/decoBlockGlazedTerracotta_magenta_2.png
811,BTW/textures/blocks/decoBlockBarrelOak_top.png
812,BTW/textures/blocks/fcBlockFireStokedStub_0.png
813,BTW/textures/blocks/fcBlockHibachi_top.png
814,BTW/textures/blocks/FCBlockFarmlandFertilized_wet.png
815,BTW/textures/blocks/decoBlockShinglesColored_magenta.png
816,BTW/textures/blocks/decoBlockGlassFramedAcacia.png
817,BTW/textures/blocks/decoBlockGlazedTerracotta_purple_3.png
818,BTW/textures/blocks/fcBlockAxle_side_on_fast.png
819,BTW/textures/blocks/fcOverlayFurnaceFuel_3.png
820,BTW/textures/blocks/decoBlockLanternPaper.png
821,BTW/textures/blocks/fcBlockWhiteStone.png
822,BTW/textures/blocks/FCBlockSlabDirt_grass_side_overlay.png
823,BTW/textures/blocks/fcBlockCreeperOysters.png
824,BTW/textures/blocks/FCBlockBlightL2_top.png
825,BTW/textures/blocks/decoBlockPumice.png
826,BTW/textures/blocks/fcBlockShovel_edge_back.png
827,BTW/textures/blocks/decoBlockBarrelJungle_side.png
828,BTW/textures/blocks/fcBlockCauldronWideBand_top.png
829,BTW/textures/blocks/fcBlockVase_c00.png
830,BTW/textures/blocks/fcBlockVase_c14.png
831,BTW/textures/blocks/fcBlockCandle_c09.png
832,BTW/textures/blocks/decoBlockGlazedTerracotta_brown_3.png
833,BTW/textures/blocks/decoBlockCrateBlood.png
834,BTW/textures/blocks/decoBlockBarrelSpruce_side.png
835,BTW/textures/blocks/fcBlockPlanter_top_wet.png
836,BTW/textures/blocks/decoBlockflowerpurpleold.png
837,BTW/textures/blocks/decoBlockLeavesAutumnRed.png
838,BTW/textures/blocks/fcBlockoreCoalStrata_2.png
839,BTW/textures/blocks/fcBlockDecorativeBlackStone.png
840,BTW/textures/blocks/fcBlockBasketWicker_bottom.png
841,BTW/textures/blocks/hopper_top.png
842,BTW/textures/blocks/decoBlockGlazedTerracotta_blue_1.png
843,BTW/textures/blocks/fcBlockCandle_c08.png
844,BTW/textures/blocks/decoBlockGlazedTerracotta_brown_2.png
845,BTW/textures/blocks/decoBlockLanternIron_top.png
846,BTW/textures/blocks/decoBlockPlanksPainted_white.png
847,BTW/textures/blocks/fcBlockVase_c15.png
848,BTW/textures/blocks/fcBlockVase_c01.png
849,BTW/textures/blocks/decoBlockBarrelBirch_top.png
850,BTW/textures/blocks/fcBlockColumnStone_top.png
851,BTW/textures/blocks/decoBlockAndesiteBrick.png
852,BTW/textures/blocks/fcOverlayStoneBrickLava.png
853,BTW/textures/blocks/decoBlockGraniteCobbleColumn.png
854,BTW/textures/blocks/fcBlockAnchor_nub.png
855,BTW/textures/blocks/brick.png
856,BTW/textures/blocks/decoBlockPaperWall.png
857,BTW/textures/blocks/fcBlockCauldron_contents.png
858,BTW/textures/blocks/fcBlockSaplingBloodWood.png
859,BTW/textures/blocks/fcBlockHamper_open_top.png
860,BTW/textures/blocks/fcBlockWhiteCobble.png
861,BTW/textures/blocks/decoBlockTerracottaStainedColumn_magenta.png
862,BTW/textures/blocks/fcBlockBellows_top.png
863,BTW/textures/blocks/fcOverlayFurnaceFuel_2.png
864,BTW/textures/blocks/decoBlockGlazedTerracotta_purple_2.png
865,BTW/textures/blocks/fcOverlayCook_1.png
866,BTW/textures/blocks/fcBlockDecorativeWoodBlood.png
867,BTW/textures/blocks/btaBlockSandyClay.png
868,BTW/textures/blocks/decoBlockGlazedTerracotta_magenta_1.png
869,BTW/textures/blocks/fcBlockNetherSludge.png
870,BTW/textures/blocks/bed_feet_side.png
871,BTW/textures/blocks/fcBlockFireStokedStub_1.png
872,BTW/textures/blocks/fcBlockShaft.png
873,BTW/textures/items/fcItemDinnerSteak.png
874,BTW/textures/items/fcItemHoeRefined.png
875,BTW/textures/items/fcItemPadding.png
876,BTW/textures/items/fcItemPileClay.png
877,BTW/textures/items/decoItemStainedGlass_yellow.png
878,BTW/textures/items/fcItemEggRaw.png
879,BTW/textures/items/fcItemDiamondPlate.png
880,BTW/textures/items/fcItemMushroomOmletCooked.png
881,BTW/textures/items/fcItemSteakAndPotatoes.png
882,BTW/textures/items/fcItemCarvingBone.png
883,BTW/textures/items/fcItemTuningFork.png
884,BTW/textures/items/skull_zombie.png
885,BTW/textures/items/fcItemBowComposite_pull_2.png
886,BTW/textures/items/fcItemKebabCooked.png
887,BTW/textures/items/boat.png
888,BTW/textures/items/skull_creeper.png
889,BTW/textures/items/skull_char.png
890,BTW/textures/items/fcItemPileDirt.png
891,BTW/textures/items/fcItemLeatherTannedCut.png
892,BTW/textures/items/fcItemFibersHemp.png
893,BTW/textures/items/fcItemSandwichTasty.png
894,BTW/textures/items/fcItemBowComposite_pull_0.png
895,BTW/textures/items/fcItemBowComposite.png
896,BTW/textures/items/fcItemLeatherScoured.png
897,BTW/textures/items/fcItemNetherQuartz.png
898,BTW/textures/items/fcItemBowComposite_pull_1.png
899,BTW/textures/items/fcItemWicker.png
900,BTW/textures/items/fcItemMysteriousGland.png
901,BTW/textures/items/fcItemChestplatePlate.png
902,BTW/textures/items/fcItemWickerWeaving.png
903,BTW/textures/items/book.png
904,BTW/textures/items/fcItemBeastLiverCooked.png
905,BTW/textures/items/fcItemKnittingNeedles.png
906,BTW/textures/items/fcItemBucketChocolateMilk.png
907,BTW/textures/items/fcItemChocolate.png
908,BTW/textures/items/fcItemBucketCement.png
909,BTW/textures/items/decoItemStainedGlass_black.png
910,BTW/textures/items/fcItemTallow.png
911,BTW/textures/items/fcItemSlats.png
912,BTW/textures/items/fcItemStone.png
913,BTW/textures/items/fcItemKibble.png
914,BTW/textures/items/fcItemAxeBattle.png
915,BTW/textures/items/fcItemDustSoul.png
916,BTW/textures/items/fcItemWoolLeggings.png
917,BTW/textures/items/fcItemBootsPlate.png
918,BTW/textures/items/fcItemNuggetIron.png
919,BTW/textures/items/decoItemStainedGlass_magenta.png
920,BTW/textures/items/fcItemPileGravel.png
921,BTW/textures/items/fcItemHemp.png
922,BTW/textures/items/fcItemCarrotSeeds.png
923,BTW/textures/items/monsterPlacer.png
924,BTW/textures/items/fcItemHelmetPlate.png
925,BTW/textures/items/fcItemWool.png
926,BTW/textures/items/fcItemGlue.png
927,BTW/textures/items/fcItemGimpChest.png
928,BTW/textures/items/fcItemCanvas.png
929,BTW/textures/items/fcItemSeedsHemp.png
930,BTW/textures/items/fcItemChunkGoldOre.png
931,BTW/textures/items/decoItemDye_orange.png
932,BTW/textures/items/fcItemUrn.png
933,BTW/textures/items/fcItemSoulFlux.png
934,BTW/textures/items/fcItemDustHellfire.png
935,BTW/textures/items/decoItemDoorBlood.png
936,BTW/textures/items/fcItemCreeperOysters.png
937,BTW/textures/items/decoItemSignBlood.png
938,BTW/textures/items/decoItemStainedGlass_red.png
939,BTW/textures/items/emptyMap.png
940,BTW/textures/items/fcItemDung.png
941,BTW/textures/items/fcItemGrate.png
942,BTW/textures/items/brewingStand.png
943,BTW/textures/items/fcItemHatchetRefined.png
944,BTW/textures/items/fcItemHaft.png
945,BTW/textures/items/fcItemDonut.png
946,BTW/textures/items/fcItemShovelRefined.png
947,BTW/textures/items/fcItemTannedHelm.png
948,BTW/textures/items/fcItemRope.png
949,BTW/textures/items/fcItemNitre.png
950,BTW/textures/items/map.png
951,BTW/textures/items/skull_skeleton.png
952,BTW/textures/items/fcItemRedstoneLatch.png
953,BTW/textures/items/fcItemConcentratedHellfire.png
954,BTW/textures/items/fcItemBatWing.png
955,BTW/textures/items/decoItemWoodStain.png
956,BTW/textures/items/fcItemGimpBoots.png
957,BTW/textures/items/decoItemDye_red.png
958,BTW/textures/items/diode.png
959,BTW/textures/items/fcItemChiselWood.png
960,BTW/textures/items/flowerPot.png
961,BTW/textures/items/fcItemMeatBurned.png
962,BTW/textures/items/fcItemSoap.png
963,BTW/textures/items/fcItemBlastingOil.png
964,BTW/textures/items/fcItemFilament.png
965,BTW/textures/items/fcItemBrickNetherUnfired.png
966,BTW/textures/items/decoItemGlassPiece.png
967,BTW/textures/items/fcItemUrnSoul.png
968,BTW/textures/items/fcItemIngotSteel.png
969,BTW/textures/items/fcItemBladeWood.png
970,BTW/textures/items/fcItemHarnessBreeding.png
971,BTW/textures/items/fcItemMould.png
972,BTW/textures/items/fcItemStake.png
973,BTW/textures/items/fcItemMetalFragment.png
974,BTW/textures/items/fcItemPastryUncookedCookies.png
975,BTW/textures/items/fcItemBelt.png
976,BTW/textures/items/fcItemBladeWindMill.png
977,BTW/textures/items/fcItemEggScrambledRaw.png
978,BTW/textures/items/fcItemNetherSludge.png
979,BTW/textures/items/fcItemSwordRefined.png
980,BTW/textures/items/fcItemClub.png
981,BTW/textures/items/fcItemFireStarterSticks.png
982,BTW/textures/items/bed.png
983,BTW/textures/items/fcItemKebabRaw.png
984,BTW/textures/items/fcItemArrowheadBroadhead.png
985,BTW/textures/items/fcItemWindMillVertical.png
986,BTW/textures/items/sign.png
987,BTW/textures/items/fcItemBeastLiverRaw.png
988,BTW/textures/items/fcItemEggScrambledCooked.png
989,BTW/textures/items/fireworksCharge.png
990,BTW/textures/items/fcItemDustCoal.png
991,BTW/textures/items/decoItemStainedGlass_cyan.png
992,BTW/textures/items/fcItemDynamite.png
993,BTW/textures/items/fcItemElement.png
994,BTW/textures/items/skull_wither.png
995,BTW/textures/items/decoItemDye_yellow.png
996,BTW/textures/items/fcItemEggFried.png
997,BTW/textures/items/decoItemHempOil.png
998,BTW/textures/items/fcItemAncientProphecy.png
999,BTW/textures/items/fcItemMushroomRed.png
1000,BTW/textures/items/fcItemCandle.png
1001,BTW/textures/items/decoItemDye_brown.png
1002,BTW/textures/items/fcItemWheatSeeds.png
1003,BTW/textures/items/fcItemFireStarterBow.png
1004,BTW/textures/items/decoItemSlateStone.png
1005,BTW/textures/items/decoItemStainedGlass_brown.png
1006,BTW/textures/items/fcItempFabric.png
1007,BTW/textures/items/fcItemWindMill.png
1008,BTW/textures/items/fcItemGear.png
1009,BTW/textures/items/fcItemBarkBloodWood.png
1010,BTW/textures/items/decoItemStainedGlass_lime.png
1011,BTW/textures/items/fcItemBarkBirch.png
1012,BTW/textures/items/fcItemPaddedHelm.png
1013,BTW/textures/items/fcItemBreadDough.png
1014,BTW/textures/items/fcItemBrickUnfired.png
1015,BTW/textures/items/hopper.png
1016,BTW/textures/items/fcItemWoolHelm.png
1017,BTW/textures/items/decoItemChain.png
1018,BTW/textures/items/fcItemMattock.png
1019,BTW/textures/items/decoItemStainedGlass_gray.png
1020,BTW/textures/items/fcItemWoolHelm_overlay.png
1021,BTW/textures/items/fcItemCarrotCooked.png
1022,BTW/textures/items/fcItemKnitting.png
1023,BTW/textures/items/fcItemReedRoots.png
1024,BTW/textures/items/fcItemCocoaPowder.png
1025,BTW/textures/items/decoItemDye_lightGray.png
1026,BTW/textures/items/fcItemPickAxeRefined.png
1027,BTW/textures/items/fcItemTannedBoots.png
1028,BTW/textures/items/decoItemStainedGlass_white.png
1029,BTW/textures/items/fcItemPotash.png
1030,BTW/textures/items/fcItemSporesNetherGroth.png
1031,BTW/textures/items/fcItemPaddedBoots.png
1032,BTW/textures/items/fcItemWaterWheel.png
1033,BTW/textures/items/comparator.png
1034,BTW/textures/items/fcItemLeatherCut.png
1035,BTW/textures/items/fcItemBrickStone.png
1036,BTW/textures/items/fcItemStumpRemover.png
1037,BTW/textures/items/fcItemWoolChest.png
1038,BTW/textures/items/decoItemDye_cyan.png
1039,BTW/textures/items/fcItemFishHookBone.png
1040,BTW/textures/items/fcItemMeatCured.png
1041,BTW/textures/items/fcItemPileGoldOre.png
1042,BTW/textures/items/fcItemLeggingsPlate.png
1043,BTW/textures/items/fcItemArmorPlate.png
1044,BTW/textures/items/fcItemMushroomOmletRaw.png
1045,BTW/textures/items/fcItemOcularOfEnder.png
1046,BTW/textures/items/fcItemChickenFeed.png
1047,BTW/textures/items/fcItemDinnerPork.png
1048,BTW/textures/items/decoItemStainedGlass_purple.png
1049,BTW/textures/items/fcItemMail.png
1050,BTW/textures/items/clock.png
1051,BTW/textures/items/decoItemFertilizer.png
1052,BTW/textures/items/fcItemEnderSlag.png
1053,BTW/textures/items/decoItemStainedGlass_lightGray.png
1054,BTW/textures/items/fcItemLeatherScouredCut.png
1055,BTW/textures/items/fcItemWitchWart.png
1056,BTW/textures/items/frame.png
1057,BTW/textures/items/fcItemPaddedChest.png
1058,BTW/textures/items/fcItemGimpLeggings.png
1059,BTW/textures/items/fcItemKnitting_Wool.png
1060,BTW/textures/items/decoItemStainedGlass_orange.png
1061,BTW/textures/items/decoItemShearsDiamond.png
1062,BTW/textures/items/fcItemPastryUncookedPumpkinPie.png
1063,BTW/textures/items/decoItemWoodBleach.png
1064,BTW/textures/items/fcItemRedstoneEye.png
1065,BTW/textures/items/enchantedBook.png
1066,BTW/textures/items/fcItemTannedLeggings.png
1067,BTW/textures/items/fcItemSkullInfused.png
1068,BTW/textures/items/compass.png
1069,BTW/textures/items/decoItemDye_green.png
1070,BTW/textures/items/decoItemStainedGlass_lightBlue.png
1071,BTW/textures/items/fcItemHamAndEggs.png
1072,BTW/textures/items/quiver.png
1073,BTW/textures/items/fcItemTannedChest.png
1074,BTW/textures/items/decoItemStainedGlass_green.png
1075,BTW/textures/items/reeds.png
1076,BTW/textures/items/fcItemFishingRodBaited.png
1077,BTW/textures/items/fcItemScrollArcane.png
1078,BTW/textures/items/fcItemClubBone.png
1079,BTW/textures/items/decoItemPileRedSand.png
1080,BTW/textures/items/fcItemPastryUncookedCake.png
1081,BTW/textures/items/decoItemDye_lightBlue.png
1082,BTW/textures/items/fcItemWoolBoots.png
1083,BTW/textures/items/fcItemStraw.png
1084,BTW/textures/items/fcItemIngotDiamond.png
1085,BTW/textures/items/fcItemShearsDiamond.png
1086,BTW/textures/items/fcItemEggPoached.png
1087,BTW/textures/items/fcItemFuse.png
1088,BTW/textures/items/fcItemScrew.png
1089,BTW/textures/items/fcItemGimpHelm.png
1090,BTW/textures/items/fcItemNuggetSteel.png
1091,BTW/textures/items/fcItemPileSoulSand.png
1092,BTW/textures/items/fcItemPileIronOre.png
1093,BTW/textures/items/fcItemWickerPiece.png
1094,BTW/textures/items/fcItemLeatherTanned.png
1095,BTW/textures/items/decoItemStainedGlass_blue.png
1096,BTW/textures/items/decoItemStainedGlass_pink.png
1097,BTW/textures/items/fcItemNethercoal.png
1098,BTW/textures/items/fcItemArrowBroadhead.png
1099,BTW/textures/items/fcItemChiselDiamond.png
1100,BTW/textures/items/fcItemArrowRotten.png
1101,BTW/textures/items/fcItemChiselStone.png
1102,BTW/textures/items/fcItemDungGolden.png
1103,BTW/textures/items/decoItemChiselDiamond.png
1104,BTW/textures/items/fcItemFlour.png
1105,BTW/textures/items/fcItemPotatoBoiled.png
1106,BTW/textures/items/fcItemStrap.png
1107,BTW/textures/items/fcItemSoupChicken.png
1108,BTW/textures/items/fcItemWoolKnit.png
1109,BTW/textures/items/saddle.png
1110,BTW/textures/items/potion_contents.png
1111,BTW/textures/items/fcItemDinnerWolf.png
1112,BTW/textures/items/fcItemChiselIron.png
1113,BTW/textures/items/fcItemChowder.png
1114,BTW/textures/items/fcItemMelonMashed.png
1115,BTW/textures/items/fcItemNetherrackGround.png
1116,BTW/textures/items/fcItemFoulFood.png
1117,BTW/textures/items/fcItemEnderSpectacles.png
1118,BTW/textures/items/fcItemBrimstone.png
1119,BTW/textures/items/fcItemMushroomBrown.png
1120,BTW/textures/items/fcItemPileSand.png
1121,BTW/textures/items/decoItemSlateBrick.png
1122,BTW/textures/items/fcItemDustSaw.png
1123,BTW/textures/items/fcItemPaddedLeggings.png
1124,BTW/achievement/icons.png
1125,BTW/achievement/bg.png
1126,BTW/title/black.png
1127,BTW/art/kz.png
1128,BTW/btwmodtex/fcGuiAnvilVanilla.png
1129,BTW/btwmodtex/plate_1.png
1130,BTW/btwmodtex/special_1.png
1131,BTW/btwmodtex/fcWolf_tame_starving.png
1132,BTW/btwmodtex/fcSheepStarving.png
1133,BTW/btwmodtex/fcPadded_2.png
1134,BTW/btwmodtex/fcWolfNothingToWorryAbout.png
1135,BTW/btwmodtex/plate_2.png
1136,BTW/btwmodtex/special_2.png
1137,BTW/btwmodtex/fcChickenFamished.png
1138,BTW/btwmodtex/fcbroadhead.png
1139,BTW/btwmodtex/fcwaterwheelent.png
1140,BTW/btwmodtex/fcPriestEyes.png
1141,BTW/btwmodtex/fcPadded_1.png
1142,BTW/btwmodtex/fc_mr_redcow.png
1143,BTW/btwmodtex/fcWool_1_b.png
1144,BTW/btwmodtex/fcSheepStarvingFur.png
1145,BTW/btwmodtex/fcWolfDireEyes.png
1146,BTW/btwmodtex/fcPigStarving.png
1147,BTW/btwmodtex/fc_mr_pig.png
1148,BTW/btwmodtex/fcSheepFurSheared.png
1149,BTW/btwmodtex/fcMooshroomFamished.png
1150,BTW/btwmodtex/fcBeam.png
1151,BTW/btwmodtex/fcGimp_2.png
1152,BTW/btwmodtex/cow_udder.png
1153,BTW/btwmodtex/fcCowFamished.png
1154,BTW/btwmodtex/fcWool_1.png
1155,BTW/btwmodtex/fccauldron.png
1156,BTW/btwmodtex/fcWolf_wild_starving.png
1157,BTW/btwmodtex/fcWool_2_b.png
1158,BTW/btwmodtex/fcGuiInv6.png
1159,BTW/btwmodtex/fcGuiInv4.png
1160,BTW/btwmodtex/fcGimp_1.png
1161,BTW/btwmodtex/spectaclesblur.png
1162,BTW/btwmodtex/fcWool_2.png
1163,BTW/btwmodtex/fcSheepFamishedFur.png
1164,BTW/btwmodtex/fcDirtyPeasant.png
1165,BTW/btwmodtex/fcinfinitearrow.png
1166,BTW/btwmodtex/fc_mr_cow.png
1167,BTW/btwmodtex/fcWolfDire.png
1168,BTW/btwmodtex/btwart01.png
1169,BTW/btwmodtex/fcrotten.png
1170,BTW/btwmodtex/fcCowStarving.png
1171,BTW/btwmodtex/fcLibrarianSpecs.png
1172,BTW/btwmodtex/fcInfusedSkullEyes.png
1173,BTW/btwmodtex/fcguitrading.png
1174,BTW/btwmodtex/fcwindmillwoodhrz.png
1175,BTW/btwmodtex/fcInfusedSkull.png
1176,BTW/btwmodtex/fcButcherLvl.png
1177,BTW/btwmodtex/fc_mr_sheep.png
1178,BTW/btwmodtex/fcMooshroomStarving.png
1179,BTW/btwmodtex/fcCreeperDepressed.png
1180,BTW/btwmodtex/fcguianvil.png
1181,BTW/btwmodtex/fcTanned_2.png
1182,BTW/btwmodtex/fcPigFamished.png
1183,BTW/btwmodtex/fcwindmillwoodver.png
1184,BTW/btwmodtex/fcTanned_1.png
1185,BTW/btwmodtex/fcChickenStarving.png
1186,BTW/btwmodtex/fcPriestLvl.png
1187,BTW/btwmodtex/fcguiblockdisp.png
1188,BTW/btwmodtex/fcSpiderSpit.png
1189,BTW/btwmodtex/fcSheepFamished.png
1190,BTW/btwmodtex/fcSpiderJungle.png
1191,BTW/btwmodtex/fcguipulley.png
1192,BTW/btwmodtex/fcwindmillent.png
1193,BTW/btwmodtex/fcSheep.png
1194,BTW/btwmodtex/fcHopper.png
1195,BTW/btwmodtex/fcguiinfernal.png
1196,BTW/deco/masonVillager.png
1197,BTW/deco/guiName.png
1198,BTW/deco/signBlood.png
1199,BTW/item/boat.png
1200,BTW/item/book.png
1201,BTW/item/cart.png
1202,BTW/item/largechest.png
1203,BTW/item/skis.png
1204,BTW/item/chest.png
1205,BTW/item/arrows.png
1206,BTW/item/enderchest.png
1207,BTW/item/xmaschest.png
1208,BTW/item/largexmaschest.png
1209,BTW/item/door.png
1210,BTW/item/chests/trap_small.png
1211,BTW/item/chests/trap_large.png
1212,BTW/gui/particles.png
1213,BTW/gui/inventory.png
1214,BTW/gui/crash_logo.png
1215,BTW/gui/beacon.png
1216,BTW/gui/enchant.png
1217,BTW/gui/repair.png
1218,BTW/gui/creative_inv/survival_inv.png
1219,BTW/environment/light_normal.png
1220,BTW/environment/snow.png
1221,BTW/environment/moon.png
1222,BTW/mob/cat_red.png
1223,BTW/mob/wither.png
1224,BTW/mob/chicken.png
1225,BTW/mob/cat_black.png
1226,BTW/mob/pigzombie.png
1227,BTW/mob/pigman.png
1228,BTW/mob/char.png
1229,BTW/mob/creeper.png
1230,BTW/mob/skeleton.png
1231,BTW/mob/villager.png
1232,BTW/mob/zombie_villager.png
1233,BTW/mob/enderdragon/ender.png
1234,BTW/mob/enderdragon/body.png
1235,BTW/mob/enderdragon/dragon.png
1236,BTW/mob/enderdragon/crystal.png
1237,BTW/mob/enderdragon/shuffle.png
1238,BTW/mob/villager/villager.png
